{
  "fuji": {
    "standard": 0.2,
    "silver": 0.311111111,
    "gold": 0.388888889,
    "diamond": 0.544444444,
    "emerald": 0.622222222
  },
  "montBlanc": {
    "standard": 0.6,
    "silver": 0.8,
    "gold": 1,
    "diamond": 1.212121212,
    "emerald": 1.515151515
  },
  "kilimanjaro": {
    "standard": 3.2,
    "silver": 3.770741483,
    "gold": 4.488977956,
    "diamond": 6.06012024,
    "emerald": 7.541482966
  },
  "ushuaia": {
    "standard": 6,
    "silver": 7.018498368,
    "gold": 8.0304679,
    "diamond": 10.02176279,
    "emerald": 12.04570185
  },
  "everest": {
    "standard": 20,
    "silver": 21.43469563,
    "gold": 22.86367534,
    "diamond": 25.72163475,
    "emerald": 30.00857388,
    "ruby": 32.00914547
  },
  "olympus": {
    "standard": 75,
    "diamond": 71.71875,
    "emerald": 79.6875,
    "black": 87.65625,
    "egg": 95.625
  }
}
